[
  {
    "id": "a96ed1c6-3e6a-47f4-9185-1bba5140b5bc",
    "data": [
      {
        "text": "Book3",
        "meta": "@Book_Index",
        "alias": "book_index",
        "userDefined": false
      }
    ],
    "isTemplate": false,
    "count": 0,
    "lang": "en",
    "updated": 0
  },
  {
    "id": "a6a802c0-ede3-4480-bdf4-2d7c44b0eaac",
    "data": [
      {
        "text": "Book2",
        "meta": "@Book_Index",
        "alias": "book_index",
        "userDefined": false
      }
    ],
    "isTemplate": false,
    "count": 0,
    "lang": "en",
    "updated": 0
  },
  {
    "id": "b1ef8b34-ccd2-450c-9f3b-8b16fe735810",
    "data": [
      {
        "text": "Book1",
        "meta": "@Book_Index",
        "alias": "book_index",
        "userDefined": false
      }
    ],
    "isTemplate": false,
    "count": 0,
    "lang": "en",
    "updated": 0
  }
]