[
  {
    "id": "ba364d60-66af-4fd4-9f64-799e3a7e936f",
    "data": [
      {
        "text": "N",
        "meta": "@Review",
        "alias": "review",
        "userDefined": false
      }
    ],
    "isTemplate": false,
    "count": 1,
    "lang": "en",
    "updated": 0
  },
  {
    "id": "b5b09442-5d07-4b42-b34d-a2fbe9289ee1",
    "data": [
      {
        "text": "Y",
        "meta": "@Review",
        "alias": "review",
        "userDefined": false
      }
    ],
    "isTemplate": false,
    "count": 0,
    "lang": "en",
    "updated": 0
  }
]