[
  {
    "value": "Art",
    "synonyms": [
      "art"
    ]
  },
  {
    "value": "Classics",
    "synonyms": [
      "classics",
      "classic"
    ]
  },
  {
    "value": "Fantasy",
    "synonyms": [
      "fantasy"
    ]
  },
  {
    "value": "Science-Fiction",
    "synonyms": [
      "science fiction",
      "science fictions"
    ]
  },
  {
    "value": "Romance",
    "synonyms": [
      "romance"
    ]
  },
  {
    "value": "Biography",
    "synonyms": [
      "biography"
    ]
  },
  {
    "value": "Travel",
    "synonyms": [
      "Travel"
    ]
  },
  {
    "value": "Fiction",
    "synonyms": [
      "fiction",
      "fictions"
    ]
  },
  {
    "value": "Historical-Fiction",
    "synonyms": [
      "historical fiction",
      "history fictions",
      "historical fictions"
    ]
  },
  {
    "value": "Childrens",
    "synonyms": [
      "childrens",
      "children"
    ]
  },
  {
    "value": "History",
    "synonyms": [
      "history",
      "histories"
    ]
  },
  {
    "value": "Sports",
    "synonyms": [
      "sports",
      "sporting"
    ]
  },
  {
    "value": "Psychology",
    "synonyms": [
      "psychology"
    ]
  },
  {
    "value": "Science",
    "synonyms": [
      "science",
      "sciences"
    ]
  },
  {
    "value": "Music",
    "synonyms": [
      "music",
      "musics"
    ]
  },
  {
    "value": "Self-Help",
    "synonyms": [
      "self help",
      "self-help"
    ]
  },
  {
    "value": "Business",
    "synonyms": [
      "business",
      "businesses"
    ]
  },
  {
    "value": "Non-Fiction",
    "synonyms": [
      "non-fiction",
      "non-fictions"
    ]
  },
  {
    "value": "Horror",
    "synonyms": [
      "horror",
      "horrors"
    ]
  },
  {
    "value": "Mystery",
    "synonyms": [
      "mystery",
      "mysteries"
    ]
  },
  {
    "value": "Thriller",
    "synonyms": [
      "thriller",
      "thrillers"
    ]
  }
]