[
  {
    "value": "Woman",
    "synonyms": [
      "Woman"
    ]
  },
  {
    "value": "World",
    "synonyms": [
      "World"
    ]
  },
  {
    "value": "Artist",
    "synonyms": [
      "Artist"
    ]
  },
  {
    "value": "Traveling",
    "synonyms": [
      "Traveling"
    ]
  },
  {
    "value": "Historical",
    "synonyms": [
      "Historical"
    ]
  },
  {
    "value": "Youth",
    "synonyms": [
      "Youth"
    ]
  },
  {
    "value": "Softskills",
    "synonyms": [
      "Softskills"
    ]
  },
  {
    "value": "Management",
    "synonyms": [
      "Management"
    ]
  },
  {
    "value": "Communication \u0026 Psychology",
    "synonyms": [
      "Communication \u0026 Psychology",
      "Communication",
      "Psychology"
    ]
  },
  {
    "value": "Friendship",
    "synonyms": [
      "Friendship",
      "Friend",
      "Friends"
    ]
  },
  {
    "value": "Growing Up \u0026 Facts of Life",
    "synonyms": [
      "Growing Up \u0026 Facts of Life",
      "Growing Up",
      "Growth"
    ]
  },
  {
    "value": "Animals",
    "synonyms": [
      "Animals"
    ]
  },
  {
    "value": "Life",
    "synonyms": [
      "Life"
    ]
  },
  {
    "value": "Love",
    "synonyms": [
      "Love"
    ]
  },
  {
    "value": "Magic",
    "synonyms": [
      "Magic"
    ]
  },
  {
    "value": "Family",
    "synonyms": [
      "Family"
    ]
  },
  {
    "value": "Family secrets",
    "synonyms": [
      "Family secrets"
    ]
  },
  {
    "value": "Chiller",
    "synonyms": [
      "Chiller"
    ]
  },
  {
    "value": "War",
    "synonyms": [
      "War",
      "Wars"
    ]
  },
  {
    "value": "Secrecy",
    "synonyms": [
      "Secrecy"
    ]
  },
  {
    "value": "Historical Biographies",
    "synonyms": [
      "Historical Biographies"
    ]
  },
  {
    "value": "World History",
    "synonyms": [
      "World History"
    ]
  },
  {
    "value": "Crime",
    "synonyms": [
      "Crime"
    ]
  },
  {
    "value": "Career",
    "synonyms": [
      "Career"
    ]
  },
  {
    "value": "Murder",
    "synonyms": [
      "Murder"
    ]
  },
  {
    "value": "Parenting",
    "synonyms": [
      "Parenting"
    ]
  },
  {
    "value": "Healing",
    "synonyms": [
      "Healing"
    ]
  },
  {
    "value": "School romance",
    "synonyms": [
      "School romance"
    ]
  },
  {
    "value": "Action",
    "synonyms": [
      "Action"
    ]
  },
  {
    "value": "Nature",
    "synonyms": [
      "Nature"
    ]
  },
  {
    "value": "Evolution",
    "synonyms": [
      "Evolution"
    ]
  },
  {
    "value": "Future",
    "synonyms": [
      "Future"
    ]
  },
  {
    "value": "Time",
    "synonyms": [
      "Time"
    ]
  },
  {
    "value": "Game",
    "synonyms": [
      "Game"
    ]
  }
]